Shoes,20,7900
Tie,9,15000
Tops,30,6500
Dress,10,15000
Dress,17,9000
Swimsuits,25,17500
Saree,22,15000
Dress,12,4500
Shoes,15,5000
Dress,20,1200
Jeans,10,6500
Tops,10,7900
Shorts,25,4500
Dress,10,6500
Swimsuits,10,12200
Jumpsuit,17,15000
Saree,40,17500
Shorts,25,15000
Jeans,30,9000
Jeans,20,12200
Jumpsuit,10,4500
Shoes,20,9000
Tie,17,8500
Tie,40,1200
Skirt,40,12200
Shorts,20,9000
Jeans,17,7900
Tie,22,4500
Jumpsuit,40,7900
Shoes,12,4500
Shoes,30,1200
Swimsuits,22,9000
Shoes,12,7900
Tops,40,17500
Swimsuits,30,1200
Swimsuits,10,15000
Shorts,15,12200
Shoes,20,8500
Jumpsuit,25,4500
Shorts,17,6500
Jeans,20,15000
Swimsuits,25,5000
Skirt,30,1200
Skirt,17,5000
Saree,25,17500
Dress,17,7900
Saree,20,5000
Shoes,9,5000
Shorts,12,9000
Skirt,20,6500
Shorts,15,12200
Saree,20,4500
Dress,9,4500
Jeans,12,8500
Tie,25,8500
Saree,9,6500
Jumpsuit,30,1200
Shoes,15,8500
Tops,9,7900
Tops,40,1200
Shorts,20,7900
Tops,9,4500
Jumpsuit,15,17500
Shoes,22,15000
Shoes,10,5000
Shoes,9,4500
Jumpsuit,40,12200
Saree,12,8500
Tops,40,12200
Shoes,30,4500
Shorts,30,5000
Swimsuits,40,1200
Jumpsuit,17,9000
Jumpsuit,40,17500
Jumpsuit,20,9000
Dress,20,1200
Shoes,40,9000
Shorts,9,8500
Swimsuits,22,7900
Shorts,17,6500
Swimsuits,40,5000
Skirt,40,15000
Tops,12,17500
Swimsuits,30,7900
Shorts,22,5000
Tie,17,1200
Tops,25,7900
Saree,10,15000
Skirt,10,8500
Jeans,17,9000
Jeans,17,15000
Dress,12,15000
Jumpsuit,40,7900
Skirt,9,8500
Tops,15,9000
Jumpsuit,10,17500
Tie,9,5000
Swimsuits,12,8500
Saree,20,8500
Tie,22,12200
